Workbook

Sheet ReadMe
A1: Crop growth-stage days and varieties: proposal for OMAg review
A3: What this is | B3: A PROPOSAL, nothing has been entered in the system. It lists (1) the four growth-stage start days for each crop, (2) stage days for varieties that have their own days-to-harvest, and (3) new varieties for the crops that had fewer than two.
A4: How the stage days are made | B4: Each stage day = days-to-harvest x a fraction, rounded to a whole day. The fractions are on the "Fractions" sheet (one row per kind of crop). They are TYPICAL crop-stage proportions from general agronomy, anchored to the few published figures I could find (e.g. Apollo tomato flowers 28-30 days after transplanting; rice matures 106-115 days). They are ESTIMATES, not variety-specific published numbers: stage start days per variety are not published anywhere I could reach.
A5: What I need from you | B5: Edit any blue cell (fractions, days) or yellow cell that looks wrong for Aringay. The stage days recalculate. Then send it back and I will load exactly what is in the sheet.
A6: Colour key | B6: Blue text = typed-in input you may change. Black text = formula (do not type over). Yellow fill = please confirm or correct. "CHECK" in the Order column means the four days are not strictly increasing.
A7: What the four stages mean | B7: Vegetative start / Flowering start / Fruiting start / Maturity start = the day after planting (or transplanting) on which each stage begins. They must increase in that order. For crops without real flowers or fruit the stage names are borrowed: see "What the four stages mean" on the Fractions sheet.
A8: Crops left blank on purpose | B8: Banana, Cacao, Coffee, Mango, Calamansi (perennial trees/plants: a day count from planting is not meaningful) and Rabong (bamboo shoots, harvested from established clumps). Their stage days stay empty, so the stage tracker shows nothing for them, as it does today. Tell me if you want them filled anyway.
A9: Varieties not on the "Varieties" sheet | B9: Every other variety keeps inheriting its crop's numbers, as it does now. A variety only gets its own stage days when it has its own days-to-harvest, so that its stages scale to its own length.
A10: How the system uses it | B10: A planting record's growth stage is worked out from the days since planting against these four numbers (variety first, crop second). All four must be set, or none.

Sheet Fractions
A1: Stage fractions by kind of crop (share of days-to-harvest at which each stage starts)
A3: Kind of crop | B3: Vegetative start | C3: Flowering start | D3: Fruiting start | E3: Maturity start | F3: Crops using it | G3: What the four stages mean | H3: Basis
A4: Cereal | B4: 0.06 | C4: 0.55 | D4: 0.7 | E4: 0.9 | F4: Palay (Rice), Corn (Mais) | G4: Vegetative = growth after emergence / transplanting; Flowering = heading (rice) or silking (corn); Fruiting = grain filling; Maturity = hard-grain stage up to harvest. | H4: Typical cereal timing; rice heads ~60 days into a 110-day crop. Rice maturity days are published (PhilRice).
A5: Fruit vegetable | B5: 0.07 | C5: 0.4 | D5: 0.55 | E5: 0.8 | F5: Tomato, Eggplant (Talong) | G5: Vegetative = growth after transplanting; Flowering = first flowers; Fruiting = fruit set and sizing; Maturity = fruit ripening / first harvests. | H5: Anchored to Apollo tomato flowering at 28-30 days after transplanting (Philippine trial) in a ~70-day crop.
A6: Vine fruit | B6: 0.07 | C6: 0.45 | D6: 0.6 | E6: 0.82 | F6: Ampalaya, Watermelon | G6: Vegetative = vine growth; Flowering = first female flowers; Fruiting = fruit set and sizing; Maturity = fruit ripening / harvest. | H6: Typical gourd and melon timing (flowering a little later than fruit vegetables).
A7: Legume | B7: 0.08 | C7: 0.5 | D7: 0.65 | E7: 0.88 | F7: Green Bean, Mongo | G7: Vegetative = leaf growth; Flowering = first flowers; Fruiting = pod set and filling; Maturity = pods drying / harvest. | H7: Typical bean and mungbean timing; Pag-asa 7 mungbean matures in ~55 days.
A8: Peanut | B8: 0.08 | C8: 0.28 | D8: 0.5 | E8: 0.9 | F8: Peanut | G8: Vegetative = leaf growth; Flowering = first flowers (early in peanut); Fruiting = pegging and pod filling; Maturity = pods mature, harvest. | H8: Peanut flowers about 4 weeks after planting and then fills pods for ~2 months.
A9: Leafy / head | B9: 0.07 | C9: 0.4 | D9: 0.6 | E9: 0.87 | F9: Pechay, Cabbage | G9: Vegetative = seedling and early leaf growth; Flowering = BORROWED: rapid leaf / head initiation; Fruiting = BORROWED: leaf expansion / head filling; Maturity = ready to cut. | H9: Typical leafy-vegetable timing; Philippine DA guides give cabbage as ready 55-60 days after transplanting.
A10: Bulb | B10: 0.07 | C10: 0.45 | D10: 0.65 | E10: 0.9 | F10: Onion, Garlic | G10: Vegetative = leaf growth; Flowering = BORROWED: bulb initiation; Fruiting = BORROWED: bulb enlargement; Maturity = neck fall / ready to pull. | H10: Typical bulb-crop timing (bulbing starts roughly 40-45 days into a 100-day onion crop).
A11: Root / tuber | B11: 0.08 | C11: 0.25 | D11: 0.55 | E11: 0.85 | F11: Cassava, Kamote, Ginger | G11: Vegetative = sprouting and top growth; Flowering = BORROWED: tuber / rhizome initiation; Fruiting = BORROWED: bulking; Maturity = ready to dig. | H11: Typical root-crop timing (storage roots start forming about a month after planting).
A12: Tobacco | B12: 0.08 | C12: 0.5 | D12: 0.7 | E12: 0.88 | F12: Tobacco | G12: Vegetative = leaf growth; Flowering = flower bud / topping; Fruiting = BORROWED: leaf thickening and ripening; Maturity = leaves ready to harvest. | H12: Typical tobacco timing.
A13: Skip | F13: Banana, Cacao, Coffee, Mango, Calamansi, Rabong | G13: No stage days (see ReadMe).

Sheet Crops
A1: Crop stage days (proposed): applies to every variety of the crop that has no own days
A3: Crop | B3: Kind of crop | C3: Days to harvest (as in system) | D3: Vegetative start | E3: Flowering start | F3: Fruiting start | G3: Maturity start | H3: Order | I3: Note
A4: Ampalaya | B4: Vine fruit | C4: 55 | D4: =IF($B4="Skip","",ROUND($C4*INDEX(Fractions!$B$4:$B$13,MATCH($B4,Fractions!$A$4:$A$13,0)),0)) | E4: =IF($B4="Skip","",ROUND($C4*INDEX(Fractions!$C$4:$C$13,MATCH($B4,Fractions!$A$4:$A$13,0)),0)) | F4: =IF($B4="Skip","",ROUND($C4*INDEX(Fractions!$D$4:$D$13,MATCH($B4,Fractions!$A$4:$A$13,0)),0)) | G4: =IF($B4="Skip","",ROUND($C4*INDEX(Fractions!$E$4:$E$13,MATCH($B4,Fractions!$A$4:$A$13,0)),0)) | H4: =IF($B4="Skip","-",IF(AND(D4<E4,E4<F4,F4<G4),"OK","CHECK"))
A5: Banana (Saging) | B5: Skip | C5: 365 | D5: =IF($B5="Skip","",ROUND($C5*INDEX(Fractions!$B$4:$B$13,MATCH($B5,Fractions!$A$4:$A$13,0)),0)) | E5: =IF($B5="Skip","",ROUND($C5*INDEX(Fractions!$C$4:$C$13,MATCH($B5,Fractions!$A$4:$A$13,0)),0)) | F5: =IF($B5="Skip","",ROUND($C5*INDEX(Fractions!$D$4:$D$13,MATCH($B5,Fractions!$A$4:$A$13,0)),0)) | G5: =IF($B5="Skip","",ROUND($C5*INDEX(Fractions!$E$4:$E$13,MATCH($B5,Fractions!$A$4:$A$13,0)),0)) | H5: =IF($B5="Skip","-",IF(AND(D5<E5,E5<F5,F5<G5),"OK","CHECK")) | I5: Perennial.
A6: Cabbage | B6: Leafy / head | C6: 80 | D6: =IF($B6="Skip","",ROUND($C6*INDEX(Fractions!$B$4:$B$13,MATCH($B6,Fractions!$A$4:$A$13,0)),0)) | E6: =IF($B6="Skip","",ROUND($C6*INDEX(Fractions!$C$4:$C$13,MATCH($B6,Fractions!$A$4:$A$13,0)),0)) | F6: =IF($B6="Skip","",ROUND($C6*INDEX(Fractions!$D$4:$D$13,MATCH($B6,Fractions!$A$4:$A$13,0)),0)) | G6: =IF($B6="Skip","",ROUND($C6*INDEX(Fractions!$E$4:$E$13,MATCH($B6,Fractions!$A$4:$A$13,0)),0)) | H6: =IF($B6="Skip","-",IF(AND(D6<E6,E6<F6,F6<G6),"OK","CHECK"))
A7: Cacao | B7: Skip | C7: 150 | D7: =IF($B7="Skip","",ROUND($C7*INDEX(Fractions!$B$4:$B$13,MATCH($B7,Fractions!$A$4:$A$13,0)),0)) | E7: =IF($B7="Skip","",ROUND($C7*INDEX(Fractions!$C$4:$C$13,MATCH($B7,Fractions!$A$4:$A$13,0)),0)) | F7: =IF($B7="Skip","",ROUND($C7*INDEX(Fractions!$D$4:$D$13,MATCH($B7,Fractions!$A$4:$A$13,0)),0)) | G7: =IF($B7="Skip","",ROUND($C7*INDEX(Fractions!$E$4:$E$13,MATCH($B7,Fractions!$A$4:$A$13,0)),0)) | H7: =IF($B7="Skip","-",IF(AND(D7<E7,E7<F7,F7<G7),"OK","CHECK")) | I7: Perennial tree.
A8: Calamansi | B8: Skip | C8: 120 | D8: =IF($B8="Skip","",ROUND($C8*INDEX(Fractions!$B$4:$B$13,MATCH($B8,Fractions!$A$4:$A$13,0)),0)) | E8: =IF($B8="Skip","",ROUND($C8*INDEX(Fractions!$C$4:$C$13,MATCH($B8,Fractions!$A$4:$A$13,0)),0)) | F8: =IF($B8="Skip","",ROUND($C8*INDEX(Fractions!$D$4:$D$13,MATCH($B8,Fractions!$A$4:$A$13,0)),0)) | G8: =IF($B8="Skip","",ROUND($C8*INDEX(Fractions!$E$4:$E$13,MATCH($B8,Fractions!$A$4:$A$13,0)),0)) | H8: =IF($B8="Skip","-",IF(AND(D8<E8,E8<F8,F8<G8),"OK","CHECK")) | I8: Perennial tree; fruit can take up to a year to ripen.
A9: Cassava | B9: Root / tuber | C9: 270 | D9: =IF($B9="Skip","",ROUND($C9*INDEX(Fractions!$B$4:$B$13,MATCH($B9,Fractions!$A$4:$A$13,0)),0)) | E9: =IF($B9="Skip","",ROUND($C9*INDEX(Fractions!$C$4:$C$13,MATCH($B9,Fractions!$A$4:$A$13,0)),0)) | F9: =IF($B9="Skip","",ROUND($C9*INDEX(Fractions!$D$4:$D$13,MATCH($B9,Fractions!$A$4:$A$13,0)),0)) | G9: =IF($B9="Skip","",ROUND($C9*INDEX(Fractions!$E$4:$E$13,MATCH($B9,Fractions!$A$4:$A$13,0)),0)) | H9: =IF($B9="Skip","-",IF(AND(D9<E9,E9<F9,F9<G9),"OK","CHECK"))
A10: Coffee (Kape) | B10: Skip | C10: 365 | D10: =IF($B10="Skip","",ROUND($C10*INDEX(Fractions!$B$4:$B$13,MATCH($B10,Fractions!$A$4:$A$13,0)),0)) | E10: =IF($B10="Skip","",ROUND($C10*INDEX(Fractions!$C$4:$C$13,MATCH($B10,Fractions!$A$4:$A$13,0)),0)) | F10: =IF($B10="Skip","",ROUND($C10*INDEX(Fractions!$D$4:$D$13,MATCH($B10,Fractions!$A$4:$A$13,0)),0)) | G10: =IF($B10="Skip","",ROUND($C10*INDEX(Fractions!$E$4:$E$13,MATCH($B10,Fractions!$A$4:$A$13,0)),0)) | H10: =IF($B10="Skip","-",IF(AND(D10<E10,E10<F10,F10<G10),"OK","CHECK")) | I10: Perennial shrub.
A11: Corn (Mais) | B11: Cereal | C11: 90 | D11: =IF($B11="Skip","",ROUND($C11*INDEX(Fractions!$B$4:$B$13,MATCH($B11,Fractions!$A$4:$A$13,0)),0)) | E11: =IF($B11="Skip","",ROUND($C11*INDEX(Fractions!$C$4:$C$13,MATCH($B11,Fractions!$A$4:$A$13,0)),0)) | F11: =IF($B11="Skip","",ROUND($C11*INDEX(Fractions!$D$4:$D$13,MATCH($B11,Fractions!$A$4:$A$13,0)),0)) | G11: =IF($B11="Skip","",ROUND($C11*INDEX(Fractions!$E$4:$E$13,MATCH($B11,Fractions!$A$4:$A$13,0)),0)) | H11: =IF($B11="Skip","-",IF(AND(D11<E11,E11<F11,F11<G11),"OK","CHECK"))
A12: Eggplant (Talong) | B12: Fruit vegetable | C12: 75 | D12: =IF($B12="Skip","",ROUND($C12*INDEX(Fractions!$B$4:$B$13,MATCH($B12,Fractions!$A$4:$A$13,0)),0)) | E12: =IF($B12="Skip","",ROUND($C12*INDEX(Fractions!$C$4:$C$13,MATCH($B12,Fractions!$A$4:$A$13,0)),0)) | F12: =IF($B12="Skip","",ROUND($C12*INDEX(Fractions!$D$4:$D$13,MATCH($B12,Fractions!$A$4:$A$13,0)),0)) | G12: =IF($B12="Skip","",ROUND($C12*INDEX(Fractions!$E$4:$E$13,MATCH($B12,Fractions!$A$4:$A$13,0)),0)) | H12: =IF($B12="Skip","-",IF(AND(D12<E12,E12<F12,F12<G12),"OK","CHECK"))
A13: Garlic | B13: Bulb | C13: 90 | D13: =IF($B13="Skip","",ROUND($C13*INDEX(Fractions!$B$4:$B$13,MATCH($B13,Fractions!$A$4:$A$13,0)),0)) | E13: =IF($B13="Skip","",ROUND($C13*INDEX(Fractions!$C$4:$C$13,MATCH($B13,Fractions!$A$4:$A$13,0)),0)) | F13: =IF($B13="Skip","",ROUND($C13*INDEX(Fractions!$D$4:$D$13,MATCH($B13,Fractions!$A$4:$A$13,0)),0)) | G13: =IF($B13="Skip","",ROUND($C13*INDEX(Fractions!$E$4:$E$13,MATCH($B13,Fractions!$A$4:$A$13,0)),0)) | H13: =IF($B13="Skip","-",IF(AND(D13<E13,E13<F13,F13<G13),"OK","CHECK"))
A14: Ginger | B14: Root / tuber | C14: 180 | D14: =IF($B14="Skip","",ROUND($C14*INDEX(Fractions!$B$4:$B$13,MATCH($B14,Fractions!$A$4:$A$13,0)),0)) | E14: =IF($B14="Skip","",ROUND($C14*INDEX(Fractions!$C$4:$C$13,MATCH($B14,Fractions!$A$4:$A$13,0)),0)) | F14: =IF($B14="Skip","",ROUND($C14*INDEX(Fractions!$D$4:$D$13,MATCH($B14,Fractions!$A$4:$A$13,0)),0)) | G14: =IF($B14="Skip","",ROUND($C14*INDEX(Fractions!$E$4:$E$13,MATCH($B14,Fractions!$A$4:$A$13,0)),0)) | H14: =IF($B14="Skip","-",IF(AND(D14<E14,E14<F14,F14<G14),"OK","CHECK"))
A15: Green Bean | B15: Legume | C15: 60 | D15: =IF($B15="Skip","",ROUND($C15*INDEX(Fractions!$B$4:$B$13,MATCH($B15,Fractions!$A$4:$A$13,0)),0)) | E15: =IF($B15="Skip","",ROUND($C15*INDEX(Fractions!$C$4:$C$13,MATCH($B15,Fractions!$A$4:$A$13,0)),0)) | F15: =IF($B15="Skip","",ROUND($C15*INDEX(Fractions!$D$4:$D$13,MATCH($B15,Fractions!$A$4:$A$13,0)),0)) | G15: =IF($B15="Skip","",ROUND($C15*INDEX(Fractions!$E$4:$E$13,MATCH($B15,Fractions!$A$4:$A$13,0)),0)) | H15: =IF($B15="Skip","-",IF(AND(D15<E15,E15<F15,F15<G15),"OK","CHECK"))
A16: Kamote | B16: Root / tuber | C16: 120 | D16: =IF($B16="Skip","",ROUND($C16*INDEX(Fractions!$B$4:$B$13,MATCH($B16,Fractions!$A$4:$A$13,0)),0)) | E16: =IF($B16="Skip","",ROUND($C16*INDEX(Fractions!$C$4:$C$13,MATCH($B16,Fractions!$A$4:$A$13,0)),0)) | F16: =IF($B16="Skip","",ROUND($C16*INDEX(Fractions!$D$4:$D$13,MATCH($B16,Fractions!$A$4:$A$13,0)),0)) | G16: =IF($B16="Skip","",ROUND($C16*INDEX(Fractions!$E$4:$E$13,MATCH($B16,Fractions!$A$4:$A$13,0)),0)) | H16: =IF($B16="Skip","-",IF(AND(D16<E16,E16<F16,F16<G16),"OK","CHECK"))
A17: Mango | B17: Skip | C17: 120 | D17: =IF($B17="Skip","",ROUND($C17*INDEX(Fractions!$B$4:$B$13,MATCH($B17,Fractions!$A$4:$A$13,0)),0)) | E17: =IF($B17="Skip","",ROUND($C17*INDEX(Fractions!$C$4:$C$13,MATCH($B17,Fractions!$A$4:$A$13,0)),0)) | F17: =IF($B17="Skip","",ROUND($C17*INDEX(Fractions!$D$4:$D$13,MATCH($B17,Fractions!$A$4:$A$13,0)),0)) | G17: =IF($B17="Skip","",ROUND($C17*INDEX(Fractions!$E$4:$E$13,MATCH($B17,Fractions!$A$4:$A$13,0)),0)) | H17: =IF($B17="Skip","-",IF(AND(D17<E17,E17<F17,F17<G17),"OK","CHECK")) | I17: Perennial tree.
A18: Mongo | B18: Legume | C18: 65 | D18: =IF($B18="Skip","",ROUND($C18*INDEX(Fractions!$B$4:$B$13,MATCH($B18,Fractions!$A$4:$A$13,0)),0)) | E18: =IF($B18="Skip","",ROUND($C18*INDEX(Fractions!$C$4:$C$13,MATCH($B18,Fractions!$A$4:$A$13,0)),0)) | F18: =IF($B18="Skip","",ROUND($C18*INDEX(Fractions!$D$4:$D$13,MATCH($B18,Fractions!$A$4:$A$13,0)),0)) | G18: =IF($B18="Skip","",ROUND($C18*INDEX(Fractions!$E$4:$E$13,MATCH($B18,Fractions!$A$4:$A$13,0)),0)) | H18: =IF($B18="Skip","-",IF(AND(D18<E18,E18<F18,F18<G18),"OK","CHECK"))
A19: Onion | B19: Bulb | C19: 100 | D19: =IF($B19="Skip","",ROUND($C19*INDEX(Fractions!$B$4:$B$13,MATCH($B19,Fractions!$A$4:$A$13,0)),0)) | E19: =IF($B19="Skip","",ROUND($C19*INDEX(Fractions!$C$4:$C$13,MATCH($B19,Fractions!$A$4:$A$13,0)),0)) | F19: =IF($B19="Skip","",ROUND($C19*INDEX(Fractions!$D$4:$D$13,MATCH($B19,Fractions!$A$4:$A$13,0)),0)) | G19: =IF($B19="Skip","",ROUND($C19*INDEX(Fractions!$E$4:$E$13,MATCH($B19,Fractions!$A$4:$A$13,0)),0)) | H19: =IF($B19="Skip","-",IF(AND(D19<E19,E19<F19,F19<G19),"OK","CHECK"))
A20: Palay (Rice) | B20: Cereal | C20: 110 | D20: =IF($B20="Skip","",ROUND($C20*INDEX(Fractions!$B$4:$B$13,MATCH($B20,Fractions!$A$4:$A$13,0)),0)) | E20: =IF($B20="Skip","",ROUND($C20*INDEX(Fractions!$C$4:$C$13,MATCH($B20,Fractions!$A$4:$A$13,0)),0)) | F20: =IF($B20="Skip","",ROUND($C20*INDEX(Fractions!$D$4:$D$13,MATCH($B20,Fractions!$A$4:$A$13,0)),0)) | G20: =IF($B20="Skip","",ROUND($C20*INDEX(Fractions!$E$4:$E$13,MATCH($B20,Fractions!$A$4:$A$13,0)),0)) | H20: =IF($B20="Skip","-",IF(AND(D20<E20,E20<F20,F20<G20),"OK","CHECK"))
A21: Peanut | B21: Peanut | C21: 100 | D21: =IF($B21="Skip","",ROUND($C21*INDEX(Fractions!$B$4:$B$13,MATCH($B21,Fractions!$A$4:$A$13,0)),0)) | E21: =IF($B21="Skip","",ROUND($C21*INDEX(Fractions!$C$4:$C$13,MATCH($B21,Fractions!$A$4:$A$13,0)),0)) | F21: =IF($B21="Skip","",ROUND($C21*INDEX(Fractions!$D$4:$D$13,MATCH($B21,Fractions!$A$4:$A$13,0)),0)) | G21: =IF($B21="Skip","",ROUND($C21*INDEX(Fractions!$E$4:$E$13,MATCH($B21,Fractions!$A$4:$A$13,0)),0)) | H21: =IF($B21="Skip","-",IF(AND(D21<E21,E21<F21,F21<G21),"OK","CHECK"))
A22: Pechay | B22: Leafy / head | C22: 30 | D22: =IF($B22="Skip","",ROUND($C22*INDEX(Fractions!$B$4:$B$13,MATCH($B22,Fractions!$A$4:$A$13,0)),0)) | E22: =IF($B22="Skip","",ROUND($C22*INDEX(Fractions!$C$4:$C$13,MATCH($B22,Fractions!$A$4:$A$13,0)),0)) | F22: =IF($B22="Skip","",ROUND($C22*INDEX(Fractions!$D$4:$D$13,MATCH($B22,Fractions!$A$4:$A$13,0)),0)) | G22: =IF($B22="Skip","",ROUND($C22*INDEX(Fractions!$E$4:$E$13,MATCH($B22,Fractions!$A$4:$A$13,0)),0)) | H22: =IF($B22="Skip","-",IF(AND(D22<E22,E22<F22,F22<G22),"OK","CHECK"))
A23: Rabong | B23: Skip | C23: 21 | D23: =IF($B23="Skip","",ROUND($C23*INDEX(Fractions!$B$4:$B$13,MATCH($B23,Fractions!$A$4:$A$13,0)),0)) | E23: =IF($B23="Skip","",ROUND($C23*INDEX(Fractions!$C$4:$C$13,MATCH($B23,Fractions!$A$4:$A$13,0)),0)) | F23: =IF($B23="Skip","",ROUND($C23*INDEX(Fractions!$D$4:$D$13,MATCH($B23,Fractions!$A$4:$A$13,0)),0)) | G23: =IF($B23="Skip","",ROUND($C23*INDEX(Fractions!$E$4:$E$13,MATCH($B23,Fractions!$A$4:$A$13,0)),0)) | H23: =IF($B23="Skip","-",IF(AND(D23<E23,E23<F23,F23<G23),"OK","CHECK")) | I23: Bamboo shoots from established clumps.
A24: Tobacco | B24: Tobacco | C24: 90 | D24: =IF($B24="Skip","",ROUND($C24*INDEX(Fractions!$B$4:$B$13,MATCH($B24,Fractions!$A$4:$A$13,0)),0)) | E24: =IF($B24="Skip","",ROUND($C24*INDEX(Fractions!$C$4:$C$13,MATCH($B24,Fractions!$A$4:$A$13,0)),0)) | F24: =IF($B24="Skip","",ROUND($C24*INDEX(Fractions!$D$4:$D$13,MATCH($B24,Fractions!$A$4:$A$13,0)),0)) | G24: =IF($B24="Skip","",ROUND($C24*INDEX(Fractions!$E$4:$E$13,MATCH($B24,Fractions!$A$4:$A$13,0)),0)) | H24: =IF($B24="Skip","-",IF(AND(D24<E24,E24<F24,F24<G24),"OK","CHECK"))
A25: Tomato | B25: Fruit vegetable | C25: 70 | D25: =IF($B25="Skip","",ROUND($C25*INDEX(Fractions!$B$4:$B$13,MATCH($B25,Fractions!$A$4:$A$13,0)),0)) | E25: =IF($B25="Skip","",ROUND($C25*INDEX(Fractions!$C$4:$C$13,MATCH($B25,Fractions!$A$4:$A$13,0)),0)) | F25: =IF($B25="Skip","",ROUND($C25*INDEX(Fractions!$D$4:$D$13,MATCH($B25,Fractions!$A$4:$A$13,0)),0)) | G25: =IF($B25="Skip","",ROUND($C25*INDEX(Fractions!$E$4:$E$13,MATCH($B25,Fractions!$A$4:$A$13,0)),0)) | H25: =IF($B25="Skip","-",IF(AND(D25<E25,E25<F25,F25<G25),"OK","CHECK"))
A26: Watermelon | B26: Vine fruit | C26: 90 | D26: =IF($B26="Skip","",ROUND($C26*INDEX(Fractions!$B$4:$B$13,MATCH($B26,Fractions!$A$4:$A$13,0)),0)) | E26: =IF($B26="Skip","",ROUND($C26*INDEX(Fractions!$C$4:$C$13,MATCH($B26,Fractions!$A$4:$A$13,0)),0)) | F26: =IF($B26="Skip","",ROUND($C26*INDEX(Fractions!$D$4:$D$13,MATCH($B26,Fractions!$A$4:$A$13,0)),0)) | G26: =IF($B26="Skip","",ROUND($C26*INDEX(Fractions!$E$4:$E$13,MATCH($B26,Fractions!$A$4:$A$13,0)),0)) | H26: =IF($B26="Skip","-",IF(AND(D26<E26,E26<F26,F26<G26),"OK","CHECK"))
A28: "Days to harvest" is copied from the system as it is today and is not changed by this proposal. Source of the kinds and fractions: Fractions sheet.

Sheet Varieties
A1: Varieties: new additions and varieties with their own days-to-harvest
A3: Crop | B3: Variety | C3: Action | D3: Days to harvest | E3: Kind of crop | F3: Vegetative start | G3: Flowering start | H3: Fruiting start | I3: Maturity start | J3: Order | K3: Where the days come from | L3: Source / note
A4: Calamansi | B4: Makasim (NSIC 2023 C1 01) | C4: ADD | E4: =INDEX(Crops!$B$4:$B$26,MATCH($A4,Crops!$A$4:$A$26,0)) | F4: =IF(OR($D4="",$E4="Skip"),"",ROUND($D4*INDEX(Fractions!$B$4:$B$13,MATCH($E4,Fractions!$A$4:$A$13,0)),0)) | G4: =IF(OR($D4="",$E4="Skip"),"",ROUND($D4*INDEX(Fractions!$C$4:$C$13,MATCH($E4,Fractions!$A$4:$A$13,0)),0)) | H4: =IF(OR($D4="",$E4="Skip"),"",ROUND($D4*INDEX(Fractions!$D$4:$D$13,MATCH($E4,Fractions!$A$4:$A$13,0)),0)) | I4: =IF(OR($D4="",$E4="Skip"),"",ROUND($D4*INDEX(Fractions!$E$4:$E$13,MATCH($E4,Fractions!$A$4:$A$13,0)),0)) | J4: =IF(F4="","-",IF(AND(F4<G4,G4<H4,H4<I4),"OK","CHECK")) | K4: No days published | L4: Source: DA: first NSIC-registered calamansi, planted at BPI Jan 2024 - https://www.da.gov.ph/gallery/planting-ceremony-of-1st-nsic-registered-calamansi-january-25-2024/
A5: Calamansi | B5: Native (Calamansi) | C5: ADD | E5: =INDEX(Crops!$B$4:$B$26,MATCH($A5,Crops!$A$4:$A$26,0)) | F5: =IF(OR($D5="",$E5="Skip"),"",ROUND($D5*INDEX(Fractions!$B$4:$B$13,MATCH($E5,Fractions!$A$4:$A$13,0)),0)) | G5: =IF(OR($D5="",$E5="Skip"),"",ROUND($D5*INDEX(Fractions!$C$4:$C$13,MATCH($E5,Fractions!$A$4:$A$13,0)),0)) | H5: =IF(OR($D5="",$E5="Skip"),"",ROUND($D5*INDEX(Fractions!$D$4:$D$13,MATCH($E5,Fractions!$A$4:$A$13,0)),0)) | I5: =IF(OR($D5="",$E5="Skip"),"",ROUND($D5*INDEX(Fractions!$E$4:$E$13,MATCH($E5,Fractions!$A$4:$A$13,0)),0)) | J5: =IF(F5="","-",IF(AND(F5<G5,G5<H5,H5<I5),"OK","CHECK")) | K5: No days published | L5: Generic local type, named like the other "Native (X)" entries already in the system.
A6: Mongo | B6: Pag-asa 7 | C6: ADD | D6: 55 | E6: =INDEX(Crops!$B$4:$B$26,MATCH($A6,Crops!$A$4:$A$26,0)) | F6: =IF(OR($D6="",$E6="Skip"),"",ROUND($D6*INDEX(Fractions!$B$4:$B$13,MATCH($E6,Fractions!$A$4:$A$13,0)),0)) | G6: =IF(OR($D6="",$E6="Skip"),"",ROUND($D6*INDEX(Fractions!$C$4:$C$13,MATCH($E6,Fractions!$A$4:$A$13,0)),0)) | H6: =IF(OR($D6="",$E6="Skip"),"",ROUND($D6*INDEX(Fractions!$D$4:$D$13,MATCH($E6,Fractions!$A$4:$A$13,0)),0)) | I6: =IF(OR($D6="",$E6="Skip"),"",ROUND($D6*INDEX(Fractions!$E$4:$E$13,MATCH($E6,Fractions!$A$4:$A$13,0)),0)) | J6: =IF(F6="","-",IF(AND(F6<G6,G6<H6,H6<I6),"OK","CHECK")) | K6: Published (small trial) | L6: Source: DMMMSU La Union thesis: matured earliest, 55 days - https://lakasa.dmmmsu.edu.ph/handle/123456789/1062
A7: Mongo | B7: Pag-asa 3 | C7: ADD | D7: 68 | E7: =INDEX(Crops!$B$4:$B$26,MATCH($A7,Crops!$A$4:$A$26,0)) | F7: =IF(OR($D7="",$E7="Skip"),"",ROUND($D7*INDEX(Fractions!$B$4:$B$13,MATCH($E7,Fractions!$A$4:$A$13,0)),0)) | G7: =IF(OR($D7="",$E7="Skip"),"",ROUND($D7*INDEX(Fractions!$C$4:$C$13,MATCH($E7,Fractions!$A$4:$A$13,0)),0)) | H7: =IF(OR($D7="",$E7="Skip"),"",ROUND($D7*INDEX(Fractions!$D$4:$D$13,MATCH($E7,Fractions!$A$4:$A$13,0)),0)) | I7: =IF(OR($D7="",$E7="Skip"),"",ROUND($D7*INDEX(Fractions!$E$4:$E$13,MATCH($E7,Fractions!$A$4:$A$13,0)),0)) | J7: =IF(F7="","-",IF(AND(F7<G7,G7<H7,H7<I7),"OK","CHECK")) | K7: Published range 63-73; midpoint used | L7: Source: UPLB / DA mungbean guide: harvest 63-73 days AFTER EMERGENCE - https://ovcre.uplb.edu.ph/research/our-technologies/article/212-pag-asa-3-mungbean
A8: Mongo | B8: PSB Mg 10 (IPB Mg 7a 13-45) | C8: ADD | E8: =INDEX(Crops!$B$4:$B$26,MATCH($A8,Crops!$A$4:$A$26,0)) | F8: =IF(OR($D8="",$E8="Skip"),"",ROUND($D8*INDEX(Fractions!$B$4:$B$13,MATCH($E8,Fractions!$A$4:$A$13,0)),0)) | G8: =IF(OR($D8="",$E8="Skip"),"",ROUND($D8*INDEX(Fractions!$C$4:$C$13,MATCH($E8,Fractions!$A$4:$A$13,0)),0)) | H8: =IF(OR($D8="",$E8="Skip"),"",ROUND($D8*INDEX(Fractions!$D$4:$D$13,MATCH($E8,Fractions!$A$4:$A$13,0)),0)) | I8: =IF(OR($D8="",$E8="Skip"),"",ROUND($D8*INDEX(Fractions!$E$4:$E$13,MATCH($E8,Fractions!$A$4:$A$13,0)),0)) | J8: =IF(F8="","-",IF(AND(F8<G8,G8<H8,H8<I8),"OK","CHECK")) | K8: No days published | L8: Source: AGRIS record: promising mungbean for lowland rice-based systems - https://agris.fao.org/search/ar/records/647239efe17b74d2224eef12
A9: Peanut | B9: PSB Pn 1 (UPL Pn 10) | C9: ADD | E9: =INDEX(Crops!$B$4:$B$26,MATCH($A9,Crops!$A$4:$A$26,0)) | F9: =IF(OR($D9="",$E9="Skip"),"",ROUND($D9*INDEX(Fractions!$B$4:$B$13,MATCH($E9,Fractions!$A$4:$A$13,0)),0)) | G9: =IF(OR($D9="",$E9="Skip"),"",ROUND($D9*INDEX(Fractions!$C$4:$C$13,MATCH($E9,Fractions!$A$4:$A$13,0)),0)) | H9: =IF(OR($D9="",$E9="Skip"),"",ROUND($D9*INDEX(Fractions!$D$4:$D$13,MATCH($E9,Fractions!$A$4:$A$13,0)),0)) | I9: =IF(OR($D9="",$E9="Skip"),"",ROUND($D9*INDEX(Fractions!$E$4:$E$13,MATCH($E9,Fractions!$A$4:$A$13,0)),0)) | J9: =IF(F9="","-",IF(AND(F9<G9,G9<H9,H9<I9),"OK","CHECK")) | K9: No days published | L9: Source: BPI peanut production guide - https://library.buplant.da.gov.ph/./images/1641970554PEANUT%20production%20guide.pdf
A10: Peanut | B10: PSB Pn 12 (UPL Pn 12) | C10: ADD | E10: =INDEX(Crops!$B$4:$B$26,MATCH($A10,Crops!$A$4:$A$26,0)) | F10: =IF(OR($D10="",$E10="Skip"),"",ROUND($D10*INDEX(Fractions!$B$4:$B$13,MATCH($E10,Fractions!$A$4:$A$13,0)),0)) | G10: =IF(OR($D10="",$E10="Skip"),"",ROUND($D10*INDEX(Fractions!$C$4:$C$13,MATCH($E10,Fractions!$A$4:$A$13,0)),0)) | H10: =IF(OR($D10="",$E10="Skip"),"",ROUND($D10*INDEX(Fractions!$D$4:$D$13,MATCH($E10,Fractions!$A$4:$A$13,0)),0)) | I10: =IF(OR($D10="",$E10="Skip"),"",ROUND($D10*INDEX(Fractions!$E$4:$E$13,MATCH($E10,Fractions!$A$4:$A$13,0)),0)) | J10: =IF(F10="","-",IF(AND(F10<G10,G10<H10,H10<I10),"OK","CHECK")) | K10: No days published | L10: Source: IPB-UPLB Valencia peanut release (AGRIS) - https://agris.fao.org/search/ar/records/64724affe17b74d2224fa258
A11: Peanut | B11: BPI Pn 9 | C11: ADD | E11: =INDEX(Crops!$B$4:$B$26,MATCH($A11,Crops!$A$4:$A$26,0)) | F11: =IF(OR($D11="",$E11="Skip"),"",ROUND($D11*INDEX(Fractions!$B$4:$B$13,MATCH($E11,Fractions!$A$4:$A$13,0)),0)) | G11: =IF(OR($D11="",$E11="Skip"),"",ROUND($D11*INDEX(Fractions!$C$4:$C$13,MATCH($E11,Fractions!$A$4:$A$13,0)),0)) | H11: =IF(OR($D11="",$E11="Skip"),"",ROUND($D11*INDEX(Fractions!$D$4:$D$13,MATCH($E11,Fractions!$A$4:$A$13,0)),0)) | I11: =IF(OR($D11="",$E11="Skip"),"",ROUND($D11*INDEX(Fractions!$E$4:$E$13,MATCH($E11,Fractions!$A$4:$A$13,0)),0)) | J11: =IF(F11="","-",IF(AND(F11<G11,G11<H11,H11<I11),"OK","CHECK")) | K11: No days published | L11: Source: Nueva Vizcaya trial (AGRIS) - https://agris.fao.org/search/zh/records/64738d47ce9437aa76fed9f0
A12: Rabong | B12: Kawayang Tinik (Bambusa blumeana) | C12: ADD | E12: =INDEX(Crops!$B$4:$B$26,MATCH($A12,Crops!$A$4:$A$26,0)) | F12: =IF(OR($D12="",$E12="Skip"),"",ROUND($D12*INDEX(Fractions!$B$4:$B$13,MATCH($E12,Fractions!$A$4:$A$13,0)),0)) | G12: =IF(OR($D12="",$E12="Skip"),"",ROUND($D12*INDEX(Fractions!$C$4:$C$13,MATCH($E12,Fractions!$A$4:$A$13,0)),0)) | H12: =IF(OR($D12="",$E12="Skip"),"",ROUND($D12*INDEX(Fractions!$D$4:$D$13,MATCH($E12,Fractions!$A$4:$A$13,0)),0)) | I12: =IF(OR($D12="",$E12="Skip"),"",ROUND($D12*INDEX(Fractions!$E$4:$E$13,MATCH($E12,Fractions!$A$4:$A$13,0)),0)) | J12: =IF(F12="","-",IF(AND(F12<G12,G12<H12,H12<I12),"OK","CHECK")) | K12: No days published | L12: Source: UPLB survey: the most widespread and most popular edible bamboo - https://www.ukdr.uplb.edu.ph/journal-articles/4649
A13: Rabong | B13: Kawayang Kiling (Bambusa vulgaris) | C13: ADD | E13: =INDEX(Crops!$B$4:$B$26,MATCH($A13,Crops!$A$4:$A$26,0)) | F13: =IF(OR($D13="",$E13="Skip"),"",ROUND($D13*INDEX(Fractions!$B$4:$B$13,MATCH($E13,Fractions!$A$4:$A$13,0)),0)) | G13: =IF(OR($D13="",$E13="Skip"),"",ROUND($D13*INDEX(Fractions!$C$4:$C$13,MATCH($E13,Fractions!$A$4:$A$13,0)),0)) | H13: =IF(OR($D13="",$E13="Skip"),"",ROUND($D13*INDEX(Fractions!$D$4:$D$13,MATCH($E13,Fractions!$A$4:$A$13,0)),0)) | I13: =IF(OR($D13="",$E13="Skip"),"",ROUND($D13*INDEX(Fractions!$E$4:$E$13,MATCH($E13,Fractions!$A$4:$A$13,0)),0)) | J13: =IF(F13="","-",IF(AND(F13<G13,G13<H13,H13<I13),"OK","CHECK")) | K13: No days published | L13: Source: Same UPLB survey: edible shoots, second in abundance - https://www.ukdr.uplb.edu.ph/journal-articles/4649
A14: Palay (Rice) | B14: NSIC Rc300 | C14: UPDATE days | D14: 115 | E14: =INDEX(Crops!$B$4:$B$26,MATCH($A14,Crops!$A$4:$A$26,0)) | F14: =IF(OR($D14="",$E14="Skip"),"",ROUND($D14*INDEX(Fractions!$B$4:$B$13,MATCH($E14,Fractions!$A$4:$A$13,0)),0)) | G14: =IF(OR($D14="",$E14="Skip"),"",ROUND($D14*INDEX(Fractions!$C$4:$C$13,MATCH($E14,Fractions!$A$4:$A$13,0)),0)) | H14: =IF(OR($D14="",$E14="Skip"),"",ROUND($D14*INDEX(Fractions!$D$4:$D$13,MATCH($E14,Fractions!$A$4:$A$13,0)),0)) | I14: =IF(OR($D14="",$E14="Skip"),"",ROUND($D14*INDEX(Fractions!$E$4:$E$13,MATCH($E14,Fractions!$A$4:$A$13,0)),0)) | J14: =IF(F14="","-",IF(AND(F14<G14,G14<H14,H14<I14),"OK","CHECK")) | K14: Published (transplanted) | L14: Source: PhilRice: matures 115 days after sowing when transplanted - https://www.philrice.gov.ph/?p=7338
A15: Palay (Rice) | B15: NSIC Rc216 (Tubigan 17) | C15: EXISTING | D15: 112 | E15: =INDEX(Crops!$B$4:$B$26,MATCH($A15,Crops!$A$4:$A$26,0)) | F15: =IF(OR($D15="",$E15="Skip"),"",ROUND($D15*INDEX(Fractions!$B$4:$B$13,MATCH($E15,Fractions!$A$4:$A$13,0)),0)) | G15: =IF(OR($D15="",$E15="Skip"),"",ROUND($D15*INDEX(Fractions!$C$4:$C$13,MATCH($E15,Fractions!$A$4:$A$13,0)),0)) | H15: =IF(OR($D15="",$E15="Skip"),"",ROUND($D15*INDEX(Fractions!$D$4:$D$13,MATCH($E15,Fractions!$A$4:$A$13,0)),0)) | I15: =IF(OR($D15="",$E15="Skip"),"",ROUND($D15*INDEX(Fractions!$E$4:$E$13,MATCH($E15,Fractions!$A$4:$A$13,0)),0)) | J15: =IF(F15="","-",IF(AND(F15<G15,G15<H15,H15<I15),"OK","CHECK")) | K15: Already in system; matches PhilRice | L15: PhilRice database: 112 days - https://dbmp.philrice.gov.ph/seeds/content/seed_characteristics/varietychar.php?Vchars=65
A16: Palay (Rice) | B16: NSIC Rc222 (Tubigan 18) | C16: EXISTING | D16: 114 | E16: =INDEX(Crops!$B$4:$B$26,MATCH($A16,Crops!$A$4:$A$26,0)) | F16: =IF(OR($D16="",$E16="Skip"),"",ROUND($D16*INDEX(Fractions!$B$4:$B$13,MATCH($E16,Fractions!$A$4:$A$13,0)),0)) | G16: =IF(OR($D16="",$E16="Skip"),"",ROUND($D16*INDEX(Fractions!$C$4:$C$13,MATCH($E16,Fractions!$A$4:$A$13,0)),0)) | H16: =IF(OR($D16="",$E16="Skip"),"",ROUND($D16*INDEX(Fractions!$D$4:$D$13,MATCH($E16,Fractions!$A$4:$A$13,0)),0)) | I16: =IF(OR($D16="",$E16="Skip"),"",ROUND($D16*INDEX(Fractions!$E$4:$E$13,MATCH($E16,Fractions!$A$4:$A$13,0)),0)) | J16: =IF(F16="","-",IF(AND(F16<G16,G16<H16,H16<I16),"OK","CHECK")) | K16: Already in system; matches PhilRice | L16: PhilRice: 114 transplanted / 106 direct-seeded - https://www.philrice.gov.ph/top-5-popular-rice-varieties/
A17: Palay (Rice) | B17: NSIC Rc238 | C17: EXISTING | D17: 108 | E17: =INDEX(Crops!$B$4:$B$26,MATCH($A17,Crops!$A$4:$A$26,0)) | F17: =IF(OR($D17="",$E17="Skip"),"",ROUND($D17*INDEX(Fractions!$B$4:$B$13,MATCH($E17,Fractions!$A$4:$A$13,0)),0)) | G17: =IF(OR($D17="",$E17="Skip"),"",ROUND($D17*INDEX(Fractions!$C$4:$C$13,MATCH($E17,Fractions!$A$4:$A$13,0)),0)) | H17: =IF(OR($D17="",$E17="Skip"),"",ROUND($D17*INDEX(Fractions!$D$4:$D$13,MATCH($E17,Fractions!$A$4:$A$13,0)),0)) | I17: =IF(OR($D17="",$E17="Skip"),"",ROUND($D17*INDEX(Fractions!$E$4:$E$13,MATCH($E17,Fractions!$A$4:$A$13,0)),0)) | J17: =IF(F17="","-",IF(AND(F17<G17,G17<H17,H17<I17),"OK","CHECK")) | K17: Already in system | L17: Not re-verified.
A18: Palay (Rice) | B18: NSIC Rc402 | C18: EXISTING | D18: 111 | E18: =INDEX(Crops!$B$4:$B$26,MATCH($A18,Crops!$A$4:$A$26,0)) | F18: =IF(OR($D18="",$E18="Skip"),"",ROUND($D18*INDEX(Fractions!$B$4:$B$13,MATCH($E18,Fractions!$A$4:$A$13,0)),0)) | G18: =IF(OR($D18="",$E18="Skip"),"",ROUND($D18*INDEX(Fractions!$C$4:$C$13,MATCH($E18,Fractions!$A$4:$A$13,0)),0)) | H18: =IF(OR($D18="",$E18="Skip"),"",ROUND($D18*INDEX(Fractions!$D$4:$D$13,MATCH($E18,Fractions!$A$4:$A$13,0)),0)) | I18: =IF(OR($D18="",$E18="Skip"),"",ROUND($D18*INDEX(Fractions!$E$4:$E$13,MATCH($E18,Fractions!$A$4:$A$13,0)),0)) | J18: =IF(F18="","-",IF(AND(F18<G18,G18<H18,H18<I18),"OK","CHECK")) | K18: Already in system | L18: Not re-verified.
A19: Palay (Rice) | B19: PSB Rc10 (Rio Grande) | C19: EXISTING | D19: 106 | E19: =INDEX(Crops!$B$4:$B$26,MATCH($A19,Crops!$A$4:$A$26,0)) | F19: =IF(OR($D19="",$E19="Skip"),"",ROUND($D19*INDEX(Fractions!$B$4:$B$13,MATCH($E19,Fractions!$A$4:$A$13,0)),0)) | G19: =IF(OR($D19="",$E19="Skip"),"",ROUND($D19*INDEX(Fractions!$C$4:$C$13,MATCH($E19,Fractions!$A$4:$A$13,0)),0)) | H19: =IF(OR($D19="",$E19="Skip"),"",ROUND($D19*INDEX(Fractions!$D$4:$D$13,MATCH($E19,Fractions!$A$4:$A$13,0)),0)) | I19: =IF(OR($D19="",$E19="Skip"),"",ROUND($D19*INDEX(Fractions!$E$4:$E$13,MATCH($E19,Fractions!$A$4:$A$13,0)),0)) | J19: =IF(F19="","-",IF(AND(F19<G19,G19<H19,H19<I19),"OK","CHECK")) | K19: Already in system; matches listing | L19: PinoyRice listing (Pagsanjan): 106 days - https://www.pinoyrice.com/wp-content/uploads/rice-varieties/PAGSANJAN.html
A20: Corn (Mais) | B20: Sweet Corn Hybrid | C20: EXISTING | D20: 70 | E20: =INDEX(Crops!$B$4:$B$26,MATCH($A20,Crops!$A$4:$A$26,0)) | F20: =IF(OR($D20="",$E20="Skip"),"",ROUND($D20*INDEX(Fractions!$B$4:$B$13,MATCH($E20,Fractions!$A$4:$A$13,0)),0)) | G20: =IF(OR($D20="",$E20="Skip"),"",ROUND($D20*INDEX(Fractions!$C$4:$C$13,MATCH($E20,Fractions!$A$4:$A$13,0)),0)) | H20: =IF(OR($D20="",$E20="Skip"),"",ROUND($D20*INDEX(Fractions!$D$4:$D$13,MATCH($E20,Fractions!$A$4:$A$13,0)),0)) | I20: =IF(OR($D20="",$E20="Skip"),"",ROUND($D20*INDEX(Fractions!$E$4:$E$13,MATCH($E20,Fractions!$A$4:$A$13,0)),0)) | J20: =IF(F20="","-",IF(AND(F20<G20,G20<H20,H20<I20),"OK","CHECK")) | K20: Already in system | L20: Generic hybrid type, not re-verified.
A21: Corn (Mais) | B21: Yellow Flint Hybrid | C21: EXISTING | D21: 110 | E21: =INDEX(Crops!$B$4:$B$26,MATCH($A21,Crops!$A$4:$A$26,0)) | F21: =IF(OR($D21="",$E21="Skip"),"",ROUND($D21*INDEX(Fractions!$B$4:$B$13,MATCH($E21,Fractions!$A$4:$A$13,0)),0)) | G21: =IF(OR($D21="",$E21="Skip"),"",ROUND($D21*INDEX(Fractions!$C$4:$C$13,MATCH($E21,Fractions!$A$4:$A$13,0)),0)) | H21: =IF(OR($D21="",$E21="Skip"),"",ROUND($D21*INDEX(Fractions!$D$4:$D$13,MATCH($E21,Fractions!$A$4:$A$13,0)),0)) | I21: =IF(OR($D21="",$E21="Skip"),"",ROUND($D21*INDEX(Fractions!$E$4:$E$13,MATCH($E21,Fractions!$A$4:$A$13,0)),0)) | J21: =IF(F21="","-",IF(AND(F21<G21,G21<H21,H21<I21),"OK","CHECK")) | K21: Already in system | L21: Generic hybrid type, not re-verified.
A22: Tomato | B22: Diamante Max | C22: EXISTING | D22: 75 | E22: =INDEX(Crops!$B$4:$B$26,MATCH($A22,Crops!$A$4:$A$26,0)) | F22: =IF(OR($D22="",$E22="Skip"),"",ROUND($D22*INDEX(Fractions!$B$4:$B$13,MATCH($E22,Fractions!$A$4:$A$13,0)),0)) | G22: =IF(OR($D22="",$E22="Skip"),"",ROUND($D22*INDEX(Fractions!$C$4:$C$13,MATCH($E22,Fractions!$A$4:$A$13,0)),0)) | H22: =IF(OR($D22="",$E22="Skip"),"",ROUND($D22*INDEX(Fractions!$D$4:$D$13,MATCH($E22,Fractions!$A$4:$A$13,0)),0)) | I22: =IF(OR($D22="",$E22="Skip"),"",ROUND($D22*INDEX(Fractions!$E$4:$E$13,MATCH($E22,Fractions!$A$4:$A$13,0)),0)) | J22: =IF(F22="","-",IF(AND(F22<G22,G22<H22,H22<I22),"OK","CHECK")) | K22: Already in system | L22: No published days found; stage days are scaled to this length.
A23: Eggplant (Talong) | B23: Mistisa | C23: EXISTING | D23: 55 | E23: =INDEX(Crops!$B$4:$B$26,MATCH($A23,Crops!$A$4:$A$26,0)) | F23: =IF(OR($D23="",$E23="Skip"),"",ROUND($D23*INDEX(Fractions!$B$4:$B$13,MATCH($E23,Fractions!$A$4:$A$13,0)),0)) | G23: =IF(OR($D23="",$E23="Skip"),"",ROUND($D23*INDEX(Fractions!$C$4:$C$13,MATCH($E23,Fractions!$A$4:$A$13,0)),0)) | H23: =IF(OR($D23="",$E23="Skip"),"",ROUND($D23*INDEX(Fractions!$D$4:$D$13,MATCH($E23,Fractions!$A$4:$A$13,0)),0)) | I23: =IF(OR($D23="",$E23="Skip"),"",ROUND($D23*INDEX(Fractions!$E$4:$E$13,MATCH($E23,Fractions!$A$4:$A$13,0)),0)) | J23: =IF(F23="","-",IF(AND(F23<G23,G23<H23,H23<I23),"OK","CHECK")) | K23: Already in system | L23: No published days found.
A24: Cabbage | B24: Scorpio | C24: EXISTING | D24: 72 | E24: =INDEX(Crops!$B$4:$B$26,MATCH($A24,Crops!$A$4:$A$26,0)) | F24: =IF(OR($D24="",$E24="Skip"),"",ROUND($D24*INDEX(Fractions!$B$4:$B$13,MATCH($E24,Fractions!$A$4:$A$13,0)),0)) | G24: =IF(OR($D24="",$E24="Skip"),"",ROUND($D24*INDEX(Fractions!$C$4:$C$13,MATCH($E24,Fractions!$A$4:$A$13,0)),0)) | H24: =IF(OR($D24="",$E24="Skip"),"",ROUND($D24*INDEX(Fractions!$D$4:$D$13,MATCH($E24,Fractions!$A$4:$A$13,0)),0)) | I24: =IF(OR($D24="",$E24="Skip"),"",ROUND($D24*INDEX(Fractions!$E$4:$E$13,MATCH($E24,Fractions!$A$4:$A$13,0)),0)) | J24: =IF(F24="","-",IF(AND(F24<G24,G24<H24,H24<I24),"OK","CHECK")) | K24: Already in system | L24: DA guide lists Scorpio as a dry-season variety.
A25: Cabbage | B25: Rareball | C25: EXISTING | D25: 75 | E25: =INDEX(Crops!$B$4:$B$26,MATCH($A25,Crops!$A$4:$A$26,0)) | F25: =IF(OR($D25="",$E25="Skip"),"",ROUND($D25*INDEX(Fractions!$B$4:$B$13,MATCH($E25,Fractions!$A$4:$A$13,0)),0)) | G25: =IF(OR($D25="",$E25="Skip"),"",ROUND($D25*INDEX(Fractions!$C$4:$C$13,MATCH($E25,Fractions!$A$4:$A$13,0)),0)) | H25: =IF(OR($D25="",$E25="Skip"),"",ROUND($D25*INDEX(Fractions!$D$4:$D$13,MATCH($E25,Fractions!$A$4:$A$13,0)),0)) | I25: =IF(OR($D25="",$E25="Skip"),"",ROUND($D25*INDEX(Fractions!$E$4:$E$13,MATCH($E25,Fractions!$A$4:$A$13,0)),0)) | J25: =IF(F25="","-",IF(AND(F25<G25,G25<H25,H25<I25),"OK","CHECK")) | K25: Already in system | L25: DA guide lists Rareball as a wet-season variety.
... A33: Banana (Saging) | B33: Saba | C33: EXISTING | D33: 465 | E33: =INDEX(Crops!$B$4:$B$26,MATCH($A33,Crops!$A$4:$A$26,0)) | F33: =IF(OR($D33="",$E33="Skip"),"",ROUND($D33*INDEX(Fractions!$B$4:$B$13,MATCH($E33,Fractions!$A$4:$A$13,0)),0)) | G33: =IF(OR($D33="",$E33="Skip"),"",ROUND($D33*INDEX(Fractions!$C$4:$C$13,MATCH($E33,Fractions!$A$4:$A$13,0)),0)) | H33: =IF(OR($D33="",$E33="Skip"),"",ROUND($D33*INDEX(Fractions!$D$4:$D$13,MATCH($E33,Fractions!$A$4:$A$13,0)),0)) | I33: =IF(OR($D33="",$E33="Skip"),"",ROUND($D33*INDEX(Fractions!$E$4:$E$13,MATCH($E33,Fractions!$A$4:$A$13,0)),0)) | J33: =IF(F33="","-",IF(AND(F33<G33,G33<H33,H33<I33),"OK","CHECK")) | K33: Already in system | L33: Perennial: no stage days.
A35: ADD = new variety; UPDATE days = existing variety whose days-to-harvest is filled in; EXISTING = already in the system with its own days, shown so its stage days can be set. Blank days = no published figure, so the variety inherits its crop's days and stage days.

Sheet Sources
A1: Sources used (all read on 2026-10-22)
A3: What it supports | B3: Link
A4: Rc216 maturity 112 days | B4: https://dbmp.philrice.gov.ph/seeds/content/seed_characteristics/varietychar.php?Vchars=65
A5: Rc222 114 / 106 days; Rc216 112 / 104 days (transplanted / direct-seeded) | B5: https://www.philrice.gov.ph/top-5-popular-rice-varieties/
A6: Rc300 matures 115 days after sowing (transplanted) | B6: https://www.philrice.gov.ph/?p=7338
A7: PSB Rc10 (Pagsanjan) 106 days | B7: https://www.pinoyrice.com/wp-content/uploads/rice-varieties/PAGSANJAN.html
A8: Apollo tomato flowers 28-30 days after transplanting (Philippine trial) | B8: https://www.ejournals.ph/article.php?id=17258
A9: Cabbage 55-60 days after transplanting; Scorpio dry season, Rareball wet season | B9: https://ati2.da.gov.ph/ati-7/content/sites/default/files/users/user16/Cabbage%20Production%20Guide.pdf
A10: Pag-asa 7 mungbean matured earliest at 55 days (La Union thesis) | B10: https://lakasa.dmmmsu.edu.ph/handle/123456789/1062
A11: Pag-asa 3 mungbean 63-73 days after emergence | B11: https://ovcre.uplb.edu.ph/research/our-technologies/article/212-pag-asa-3-mungbean
A12: PSB Mg 10 = IPB Mg 7a 13-45 mungbean | B12: https://agris.fao.org/search/ar/records/647239efe17b74d2224eef12
A13: Peanut varieties PSB Pn 1 (UPL Pn 10), PSB Pn 12 (UPL Pn 12), BPI Pn 9 | B13: https://library.buplant.da.gov.ph/./images/1641970554PEANUT%20production%20guide.pdf
A14: Makasim (NSIC 2023 C1 01): first NSIC-registered calamansi | B14: https://www.da.gov.ph/gallery/planting-ceremony-of-1st-nsic-registered-calamansi-january-25-2024/
A15: Edible bamboo species: Kawayang Tinik, Kawayang Kiling, Giant bamboo (UPLB survey) | B15: https://www.ukdr.uplb.edu.ph/journal-articles/4649
A16: NOT FOUND anywhere: published stage-start days (vegetative / flowering / fruiting / maturity) for any variety. The Fractions sheet is my estimate.
